epoch,precision,f1 score (weighted),f1 score (macro),accuracy,recall
None,0.6827618762467603,0.7477020164496776,0.30162870225468036,0.8262940616068594,0.8262940616068594
