epoch,precision,f1 score (weighted),f1 score (macro),accuracy,recall
None,0.2504264391549273,0.3338070603735565,0.33352272727272725,0.5004262574595055,0.5004262574595055
